cookie,timestamp
hCBwXEq3kSv9BvBf,2023-12-26T20:06:25.029273
hCBwXEq3kSv9BvBf,2023-12-26T21:06:25.029273
YyIduGcRP9LgJJEK,2023-12-26T22:06:25.029273
16ckmCqVzfDxQ6km,2023-12-26T23:06:25.029273
hCBwXEq3kSv9BvBf,2023-12-27T00:06:25.029273
DFcZLvdJlWk0RmX5,2023-12-27T20:06:25.029273
16ckmCqVzfDxQ6km,2023-12-27T21:06:25.029273
16ckmCqVzfDxQ6km,2023-12-27T22:06:25.029273
DFcZLvdJlWk0RmX5,2023-12-27T23:06:25.029273
aJ0KCyXMaL1pmvdK,2023-12-28T00:06:25.029273
16ckmCqVzfDxQ6km,2023-12-28T20:06:25.029273
DFcZLvdJlWk0RmX5,2023-12-28T21:06:25.029273
hCBwXEq3kSv9BvBf,2023-12-28T22:06:25.029273
aJ0KCyXMaL1pmvdK,2023-12-28T23:06:25.029273
aJ0KCyXMaL1pmvdK,2023-12-29T00:06:25.029273
hCBwXEq3kSv9BvBf,2023-12-29T20:06:25.029273
aJ0KCyXMaL1pmvdK,2023-12-29T21:06:25.029273
DFcZLvdJlWk0RmX5,2023-12-29T22:06:25.029273
hCBwXEq3kSv9BvBf,2023-12-29T23:06:25.029273
aJ0KCyXMaL1pmvdK,2023-12-30T00:06:25.029273
DFcZLvdJlWk0RmX5,2023-12-30T20:06:25.029273
YyIduGcRP9LgJJEK,2023-12-30T21:06:25.029273
DFcZLvdJlWk0RmX5,2023-12-30T22:06:25.029273
16ckmCqVzfDxQ6km,2023-12-30T23:06:25.029273
hCBwXEq3kSv9BvBf,2023-12-31T00:06:25.029273
YyIduGcRP9LgJJEK,2023-12-31T20:06:25.029273
aJ0KCyXMaL1pmvdK,2023-12-31T21:06:25.029273
aJ0KCyXMaL1pmvdK,2023-12-31T22:06:25.029273
16ckmCqVzfDxQ6km,2023-12-31T23:06:25.029273
16ckmCqVzfDxQ6km,2024-01-01T00:06:25.029273
YyIduGcRP9LgJJEK,2024-01-01T20:06:25.029273
aJ0KCyXMaL1pmvdK,2024-01-01T21:06:25.029273
aJ0KCyXMaL1pmvdK,2024-01-01T22:06:25.029273
aJ0KCyXMaL1pmvdK,2024-01-01T23:06:25.029273
hCBwXEq3kSv9BvBf,2024-01-02T00:06:25.029273
hCBwXEq3kSv9BvBf,2024-01-02T20:06:25.029273
aJ0KCyXMaL1pmvdK,2024-01-02T21:06:25.029273
DFcZLvdJlWk0RmX5,2024-01-02T22:06:25.029273
aJ0KCyXMaL1pmvdK,2024-01-02T23:06:25.029273
aJ0KCyXMaL1pmvdK,2024-01-03T00:06:25.029273
aJ0KCyXMaL1pmvdK,2024-01-03T20:06:25.029273
YyIduGcRP9LgJJEK,2024-01-03T21:06:25.029273
aJ0KCyXMaL1pmvdK,2024-01-03T22:06:25.029273
aJ0KCyXMaL1pmvdK,2024-01-03T23:06:25.029273
aJ0KCyXMaL1pmvdK,2024-01-04T00:06:25.029273
DFcZLvdJlWk0RmX5,2024-01-04T20:06:25.029273
YyIduGcRP9LgJJEK,2024-01-04T21:06:25.029273
hCBwXEq3kSv9BvBf,2024-01-04T22:06:25.029273
hCBwXEq3kSv9BvBf,2024-01-04T23:06:25.029273
DFcZLvdJlWk0RmX5,2024-01-05T00:06:25.029273
YyIduGcRP9LgJJEK,2024-01-05T20:06:25.029273
hCBwXEq3kSv9BvBf,2024-01-05T21:06:25.029273
DFcZLvdJlWk0RmX5,2024-01-05T22:06:25.029273
aJ0KCyXMaL1pmvdK,2024-01-05T23:06:25.029273
YyIduGcRP9LgJJEK,2024-01-06T00:06:25.029273
16ckmCqVzfDxQ6km,2024-01-06T20:06:25.029273
16ckmCqVzfDxQ6km,2024-01-06T21:06:25.029273
hCBwXEq3kSv9BvBf,2024-01-06T22:06:25.029273
YyIduGcRP9LgJJEK,2024-01-06T23:06:25.029273
hCBwXEq3kSv9BvBf,2024-01-07T00:06:25.029273
aJ0KCyXMaL1pmvdK,2024-01-07T20:06:25.029273
hCBwXEq3kSv9BvBf,2024-01-07T21:06:25.029273
YyIduGcRP9LgJJEK,2024-01-07T22:06:25.029273
16ckmCqVzfDxQ6km,2024-01-07T23:06:25.029273
YyIduGcRP9LgJJEK,2024-01-08T00:06:25.029273
DFcZLvdJlWk0RmX5,2024-01-08T20:06:25.029273
hCBwXEq3kSv9BvBf,2024-01-08T21:06:25.029273
YyIduGcRP9LgJJEK,2024-01-08T22:06:25.029273
hCBwXEq3kSv9BvBf,2024-01-08T23:06:25.029273
hCBwXEq3kSv9BvBf,2024-01-09T00:06:25.029273
aJ0KCyXMaL1pmvdK,2024-01-09T20:06:25.029273
hCBwXEq3kSv9BvBf,2024-01-09T21:06:25.029273
YyIduGcRP9LgJJEK,2024-01-09T22:06:25.029273
16ckmCqVzfDxQ6km,2024-01-09T23:06:25.029273
16ckmCqVzfDxQ6km,2024-01-10T00:06:25.029273
hCBwXEq3kSv9BvBf,2024-01-10T20:06:25.029273
hCBwXEq3kSv9BvBf,2024-01-10T21:06:25.029273
hCBwXEq3kSv9BvBf,2024-01-10T22:06:25.029273
hCBwXEq3kSv9BvBf,2024-01-10T23:06:25.029273
DFcZLvdJlWk0RmX5,2024-01-11T00:06:25.029273
16ckmCqVzfDxQ6km,2024-01-11T20:06:25.029273
16ckmCqVzfDxQ6km,2024-01-11T21:06:25.029273
16ckmCqVzfDxQ6km,2024-01-11T22:06:25.029273
aJ0KCyXMaL1pmvdK,2024-01-11T23:06:25.029273
hCBwXEq3kSv9BvBf,2024-01-12T00:06:25.029273
DFcZLvdJlWk0RmX5,2024-01-12T20:06:25.029273
YyIduGcRP9LgJJEK,2024-01-12T21:06:25.029273
hCBwXEq3kSv9BvBf,2024-01-12T22:06:25.029273
hCBwXEq3kSv9BvBf,2024-01-12T23:06:25.029273
DFcZLvdJlWk0RmX5,2024-01-13T00:06:25.029273
DFcZLvdJlWk0RmX5,2024-01-13T20:06:25.029273
DFcZLvdJlWk0RmX5,2024-01-13T21:06:25.029273
16ckmCqVzfDxQ6km,2024-01-13T22:06:25.029273
aJ0KCyXMaL1pmvdK,2024-01-13T23:06:25.029273
16ckmCqVzfDxQ6km,2024-01-14T00:06:25.029273
16ckmCqVzfDxQ6km,2024-01-14T20:06:25.029273
DFcZLvdJlWk0RmX5,2024-01-14T21:06:25.029273
16ckmCqVzfDxQ6km,2024-01-14T22:06:25.029273
16ckmCqVzfDxQ6km,2024-01-14T23:06:25.029273
DFcZLvdJlWk0RmX5,2024-01-15T00:06:25.029273
DFcZLvdJlWk0RmX5,2024-01-15T20:06:25.029273
aJ0KCyXMaL1pmvdK,2024-01-15T21:06:25.029273
aJ0KCyXMaL1pmvdK,2024-01-15T22:06:25.029273
hCBwXEq3kSv9BvBf,2024-01-15T23:06:25.029273
16ckmCqVzfDxQ6km,2024-01-16T00:06:25.029273
hCBwXEq3kSv9BvBf,2024-01-16T20:06:25.029273
aJ0KCyXMaL1pmvdK,2024-01-16T21:06:25.029273
16ckmCqVzfDxQ6km,2024-01-16T22:06:25.029273
YyIduGcRP9LgJJEK,2024-01-16T23:06:25.029273
hCBwXEq3kSv9BvBf,2024-01-17T00:06:25.029273
DFcZLvdJlWk0RmX5,2024-01-17T20:06:25.029273
16ckmCqVzfDxQ6km,2024-01-17T21:06:25.029273
DFcZLvdJlWk0RmX5,2024-01-17T22:06:25.029273
16ckmCqVzfDxQ6km,2024-01-17T23:06:25.029273
16ckmCqVzfDxQ6km,2024-01-18T00:06:25.029273
YyIduGcRP9LgJJEK,2024-01-18T20:06:25.029273
aJ0KCyXMaL1pmvdK,2024-01-18T21:06:25.029273
hCBwXEq3kSv9BvBf,2024-01-18T22:06:25.029273
aJ0KCyXMaL1pmvdK,2024-01-18T23:06:25.029273
DFcZLvdJlWk0RmX5,2024-01-19T00:06:25.029273
16ckmCqVzfDxQ6km,2024-01-19T20:06:25.029273
DFcZLvdJlWk0RmX5,2024-01-19T21:06:25.029273
YyIduGcRP9LgJJEK,2024-01-19T22:06:25.029273
aJ0KCyXMaL1pmvdK,2024-01-19T23:06:25.029273
DFcZLvdJlWk0RmX5,2024-01-20T00:06:25.029273
aJ0KCyXMaL1pmvdK,2024-01-20T20:06:25.029273
DFcZLvdJlWk0RmX5,2024-01-20T21:06:25.029273
YyIduGcRP9LgJJEK,2024-01-20T22:06:25.029273
DFcZLvdJlWk0RmX5,2024-01-20T23:06:25.029273
DFcZLvdJlWk0RmX5,2024-01-21T00:06:25.029273
YyIduGcRP9LgJJEK,2024-01-21T20:06:25.029273
16ckmCqVzfDxQ6km,2024-01-21T21:06:25.029273
aJ0KCyXMaL1pmvdK,2024-01-21T22:06:25.029273
16ckmCqVzfDxQ6km,2024-01-21T23:06:25.029273
aJ0KCyXMaL1pmvdK,2024-01-22T00:06:25.029273
hCBwXEq3kSv9BvBf,2024-01-22T20:06:25.029273
aJ0KCyXMaL1pmvdK,2024-01-22T21:06:25.029273
16ckmCqVzfDxQ6km,2024-01-22T22:06:25.029273
aJ0KCyXMaL1pmvdK,2024-01-22T23:06:25.029273
16ckmCqVzfDxQ6km,2024-01-23T00:06:25.029273
16ckmCqVzfDxQ6km,2024-01-23T20:06:25.029273
YyIduGcRP9LgJJEK,2024-01-23T21:06:25.029273
YyIduGcRP9LgJJEK,2024-01-23T22:06:25.029273
hCBwXEq3kSv9BvBf,2024-01-23T23:06:25.029273
YyIduGcRP9LgJJEK,2024-01-24T00:06:25.029273
YyIduGcRP9LgJJEK,2024-01-24T20:06:25.029273
hCBwXEq3kSv9BvBf,2024-01-24T21:06:25.029273
YyIduGcRP9LgJJEK,2024-01-24T22:06:25.029273
hCBwXEq3kSv9BvBf,2024-01-24T23:06:25.029273
YyIduGcRP9LgJJEK,2024-01-25T00:06:25.029273
